{"original_data_08": {"_type": "image-file", "sha256": "46034f6be60f98ffeb32724d5f504595bff651ed86c9b6ca09ebb9649f5d82cc", "size": 28850, "path": "media/images/original_data_08_0_46034f6be60f98ffeb32.png", "format": "png", "width": 3000, "height": 600}, "_timestamp": 1720003425.2962408, "_runtime": 45.83353590965271, "_step": 64, "loss": 0.05397186716863955, "_wandb": {"runtime": 45}}