{"original_data_01": {"_type": "image-file", "sha256": "6d8da9d7bbf6f632932b1a015e124c897b4d8ba23a63897143b855658a7a19bc", "size": 31102, "path": "media/images/original_data_01_0_6d8da9d7bbf6f632932b.png", "format": "png", "width": 3000, "height": 600}, "_timestamp": 1719843427.8004968, "_runtime": 38.12583780288696, "_step": 64, "loss": 0.018730911235014597, "_wandb": {"runtime": 37}}