{"original_data_01": {"_type": "image-file", "sha256": "bea2b44576c8d67daee7d0b094edfbbd8e7cd734096b909af9d125c3e00d8f85", "size": 31442, "path": "media/images/original_data_01_0_bea2b44576c8d67daee7.png", "format": "png", "width": 3000, "height": 600}, "_timestamp": 1719829451.4772289, "_runtime": 37.60916495323181, "_step": 64, "loss": 0.021665053327878315, "_wandb": {"runtime": 37}}