{"original_data_01": {"_type": "image-file", "sha256": "5d8a77b57431289edadefa59dbfa030521c42af954f53eafd19f1b140695e9a9", "size": 28768, "path": "media/images/original_data_01_0_5d8a77b57431289edade.png", "format": "png", "width": 3000, "height": 600}, "_timestamp": 1719858814.4004512, "_runtime": 29.864078283309937, "_step": 64, "loss": 0.021930054007614417, "_wandb": {"runtime": 29}}