{"original_data_01": {"_type": "image-file", "sha256": "c2cebe061b79a52b02cb27d89207e2a6d4d982624ddad6795330396ee272d0ac", "size": 28714, "path": "media/images/original_data_01_0_c2cebe061b79a52b02cb.png", "format": "png", "width": 3000, "height": 600}, "_timestamp": 1719848938.4492548, "_runtime": 36.18604874610901, "_step": 64, "loss": 0.01802691621903397, "_wandb": {"runtime": 35}}