{"original_data_01": {"_type": "image-file", "sha256": "9609be34107920affa1d4d36f03e15151416b50ceea5d4e5f202343105c6b1d1", "size": 31328, "path": "media/images/original_data_01_0_9609be34107920affa1d.png", "format": "png", "width": 3000, "height": 600}, "_timestamp": 1719829907.1735444, "_runtime": 36.81070137023926, "_step": 64, "loss": 0.01974779160320759, "_wandb": {"runtime": 36}}