{"original_data_01": {"_type": "image-file", "sha256": "820078884d066468faf0c68e50e774124b56fde1fc6d0b0207c3880adbd298e2", "size": 30366, "path": "media/images/original_data_01_0_820078884d066468faf0.png", "format": "png", "width": 3000, "height": 600}, "_timestamp": 1719829957.8620872, "_runtime": 37.124969244003296, "_step": 64, "loss": 0.02178933468957742, "_wandb": {"runtime": 36}}