{"loss": 0.022723087508223844, "_timestamp": 1719698685.2108943, "_runtime": 26.804057359695435, "_step": 52, "_wandb": {"runtime": 26}}