{"original_data_01": {"_type": "image-file", "sha256": "7d03fdbebd8930166cb0c92bfc351ddff41040bfa937e9891f1d87bb67182c2e", "size": 30371, "path": "media/images/original_data_01_0_7d03fdbebd8930166cb0.png", "format": "png", "width": 3000, "height": 600}, "_timestamp": 1719829371.8855069, "_runtime": 57.55372190475464, "_step": 64, "loss": 0.01804383851091067, "_wandb": {"runtime": 59}}