{"original_data_01": {"_type": "image-file", "sha256": "de8589da6d60b47390076cce74b9c1829c01a0890310bc0db4567532f52d4d9b", "size": 28643, "path": "media/images/original_data_01_0_de8589da6d60b4739007.png", "format": "png", "width": 3000, "height": 600}, "_timestamp": 1719849714.4463406, "_runtime": 32.411720514297485, "_step": 64, "loss": 0.02149148476708027, "_wandb": {"runtime": 32}}