{"loss": 0.06331688387691975, "_timestamp": 1719530961.8798034, "_runtime": 87.23719930648804, "_step": 62, "_wandb": {"runtime": 86}}