{"original_data_01": {"_type": "image-file", "sha256": "184e831cd65a0ac9e34ff933431baa50db6817b8afcaf43b91127aa76983c0d8", "size": 28983, "path": "media/images/original_data_01_0_184e831cd65a0ac9e34f.png", "format": "png", "width": 3000, "height": 600}, "_timestamp": 1719849761.7204876, "_runtime": 31.145910501480103, "_step": 64, "loss": 0.02638299443290732, "_wandb": {"runtime": 30}}